Id,Notice,Value,
0ceafe2002fc773612423715cbcf23a9," ","حول",
a6d1acde6e20d49a9d81f90622732227," ","يوي فاي مقروءة",
5265418588dcc06751d8eaecec2c8e91," ","شراء الإصدار المحترف",
7af2801e9e1449cf0453d00d34257c2d," ","ملاحظات",
e4bc22662e23d1a831c68aed5332c419," ","رف الكتب الخاص بي",
d6311507af3a86f3174346816549d8f9,"You needn't translate the text. Unless you turn on the online book function for Chinese users","كتاب توصية",
7e9d7adc0bc8da3f3cb72c2757821ab6," ","NAT",
df007455f507ccf34d95e6fe7dd56796," ","الكتب المستوردة (النص، و EPUB، FB2، يفب)",
7426054dcc62deafc8aabac89d3ac9d9," ","ما يتم تشغيله الآن",
7c6f8050acafe3b864dd98bd15aa56c4,"You needn't translate the text. Unless you turn on the online book function for Chinese users","لتحديث هذه الكتب على الإنترنت",
b7ab64a7ff684cfca5e0a3d80880f279," ","إعدادات",
1f0e26f231153036a671ad2f933a27a5," ","يمكن أن تكون مخفية في الزر استعراض في مجموعة",
bde6c81a3b0a603a7b5e6076022bd309," ","قائمة القراءة الأخيرة فارغ",
caf25bae18d07f446f0e42f85e6ec655,"You needn't translate the text. Unless you turn on the online book function for Chinese users","تحديث قائمة لجميع الفصول",
3597ff87db02577b3cf2244ac606a9e4,"You needn't translate the text. Unless you turn on the online book function for Chinese users","قم بتحديث القائمة، وتحميل جميع الفصول التالية",
a03e5f2c05b83301fa39dc34b1746453," ","أن تعطينا الرئيسية الخمس نجوم",
8554827fedb4de78bf8468538d4a8ee3," ","القراءة الأخيرة",
09b54a312f22d292db00a52b0bb234bf,"You needn't translate the text. Unless you turn on the online book function for Chinese users","من رواية بحث إنترنت",
65602d35795175e0705fc6741f913d8f," ","استيراد ",
dab7c7312c2b67e5fb662ee8b6cec88f," ","معلومات الكتاب",
357cd9b4ae444db10f171a0a7b400422," ","أنا حصلت عليها",
ce299a0f63bffd68519d8a19c20e8dcb," ","معلومات إضافية",
6b8cf70efcf4cb1e6a0b877285fc722a," ","ثابت على الشاشة ابدأ",
90b67b9235306593ddccbe9e7c6b217b," ","إضافة إ&شارة مرجعية",
83d79edb934c031d5e90545b8d4d51d8," ","التمرير التلقائي",
a42be224ca6e69ada340d6dc5a300e46," ","إيقاف التمرير",
d09c379751c8ee1acf635d1b09652923," ","قراءة الخلفية",
d800fe938c9dde01729fe00c51a107ed," ","الفئات",
00a6ae0599ff039144806cb3266a903b," ","رفض الفارغ",
14ede1b3aff131126cca56ec989ae922," ","خلفية ابدأ القراءة بصوت عال أو عادية؟ يمكنك الانتقال إلى إعدادات الصوت لتعيين الخيارات الافتراضية",
af750e87dfda463f31b124cba06aec7a," ","أولاً إيقاف تشغيل التمرير التلقائي",
be93c95267d493e0ca36dd41e8aeb1db," ","اكتمال التنزيل!",
6acb3b449c78553f9e8de3dca2590fda,"You needn't translate the text. Unless you turn on the online book function for Chinese users","إيقاف التحميل!",
96bb35efbd97e973584fc400bc155c1b,"You needn't translate the text. Unless you turn on the online book function for Chinese users","تحميل الفصول التالية",
58a121c10ccd0755d0874e9d8c591918,"You needn't translate the text. Unless you turn on the online book function for Chinese users","تحميل {0}، {1}، {2} لم يتم تحميله. التنزيلات الحالية:",
1b60f059d3cd9ec288545faf95dc285b," ","أدخل اسم الإشارة المرجعية.",
cb5e100e5a9a3e7f6d1fd97512215282," ","خطأ",
42010dfe34d331018d5eea58fa048f64," ","فشل في إدخال وضع ملء الشاشة",
38b9440651a9409acc71403f02ddb7c8," ","أدخل \ للخروج من الوضع ملء الشاشة",
c9830f3b0470e0006c6eda9f4a14e821,"You needn't translate the text. Unless you turn on the online book function for Chinese users","ليس لديك لتثبيت حزمة صوت الصينية، يرجى الذهاب إلى الإعدادات (وليس لإعداد) >صوت إعدادات >إعدادات متقدمة، تحقق ما إذا كانت اللغة الصوتية الصينية.",
a3e02fa1a6cdd74b97174003c1346827," ","وقد وصلت إلى الصفحة الأولى",
e878ba8c0d3fa1c3773c7f8cf78fdbcf," ","الصفحة السابقة",
a498d3d7ee7d084c3c8252068f73abe4," ","الصفحة التالية",
e33a1256b2d1414f61c0e753b0b12a63," ","الفصل التالي",
f3a072b2e7f2aab831d0908f294f135e," ","إجازة هذه الواجهة لا يوقف تحميله.",
fc916ee83fad4c280a91aee8e5047efd," ","لا يبدو أن تكون متصلاً بالإنترنت!",
c3f07320c25b8a6686481dd26dad4da9," ","الرجاء تحديد",
99b79007ca3cb8e86456776633bdd665,"You needn't translate the text. Unless you turn on the online book function for Chinese users","التنزيلات العامة",
ef7985af75743875a4e0c248574b3eec," ","القراءة العامة",
b309c671672ff440f6abc6e86704b6ae,"You needn't translate the text. Unless you turn on the online book function for Chinese users","العامة الأسبوعية (أوصى تحميل سريع)",
6edb279de6e7061ce548d309a94d1210," ","الوضع الليلي: قبالة",
988df165cc538cd75492594fb43ecf00," ","الوضع الليلي: حول",
f66be7a14a4547dc891689c33db53e59," ","إعدادات القراءة",
4d07494e6b31bba3b45d1eb5a9bcb9c4,"You needn't translate the text. Unless you turn on the online book function for Chinese users","تحميل هذا الفصل",
2255891b91172c11604f09dd4f4203db," ","الفصل السابق",
aa893ebdefd1af711a6c10c22165f334," ","تحويل النص إلى كلام",
62d70c3ab435d452cf910f530e29a619,"You needn't translate the text. Unless you turn on the online book function for Chinese users","توقف التنزيل",
7faf231069c79a26652d68d676afb47a," ","القفز التقدم",
c7b8533ff7e66c21435b0672710b6827," ","الرجاء إدخال عدد صحيح بين 0 ~ 100",
8de7fc44ad2f84fec1f59048652f6069,"You needn't translate the text. Unless you turn on the online book function for Chinese users","حاول أو شراء تحميل سريع",
6147ad1b487ea3175bf410f00e188ada,"You needn't translate the text. Unless you turn on the online book function for Chinese users","العامة الأسبوعية (الإعلانات، وشراء النسخة المهنية لإزالة)",
0c37fcef3acf12e53e5d2db36ab8ead5," ","لقد تم إيقاف الكلام.",
b252282073cb5982f681f72fd96024f9," ","عذراً، وغير قادر على البدء تحويل النص إلى كلام!",
b5a8ec8c6eef48914ee5fe73f70ec2e3," ","{0} قد أضيفت إلى قائمة انتظار التحميل.",
eaad7c2018aaef45a3af4a625890e3bc," ","إلغاء الأمر والعودة إلى الوطن",
ba7550704393de68568874db04b92702,"You needn't translate the text. Unless you turn on the online book function for Chinese users","وكانت هناك بعض المشاكل، الرجاء المحاولة مرة أخرى! إذا استمر الخطأ، حاول تحميل المصدر لفصل أو استبدال أو حذف كتاب تحميل",
d91a4cba795fd26cb76a00d728ab2a63," ","مؤقتاً غير قادر على الحصول على محتوى الرواية، الرجاء المحاولة مرة أخرى لاحقاً",
193ebd374e4de76e0c211747f189028c,"You needn't translate the text. Unless you turn on the online book function for Chinese users","حدثت بعض الأخطاء عند تنزيل المقطع",
a3cfe7cbbcf71e7be2e766de325eae2d," ","تجاهل ومتابعة",
b2627e81115955337af3e69b65692a28,"You needn't translate the text. Unless you turn on the online book function for Chinese users","{0} قد أضيفت إلى قائمة انتظار التحميل.",
36711434d88f4d2fdb28b81ffb7ef6a5,"You needn't translate the text. Unless you turn on the online book function for Chinese users","التحميل الحالي قيد التقدم، يرجى التوقف أو الانتظار للتحميل على الانتهاء ومن ثم تحميل الفصل الجديد",
0c6e5d82a03b167eaa58c09a2aa5b815," ","ولدينا جميع أيام سيئة",
5bddbcd4449b7bbfe3ed21c6c834ec44,"You needn't translate the text. Unless you turn on the online book function for Chinese users","هذه الواجهة سوف يتسبب التحميل لإيقاف الإجازة.",
67447f7e5d140719d13625e577004700," ","تجهيز، الرجاء الانتظار",
a14fa2166ed698f3d04061f57e5ab9b9," ","تحميل",
34bd73951b4fd3f310948d5ff0ab3441," ","لتحديد أكثر من واحد",
a33ddd3b6531c3bd5d006e6fd65f1229," ","لتحديد أكثر من واحد",
61242e9f754401607d81f5d2095cee3a," ","البحث رف",
b9a403d9d7a86e2b033b852aff690ac4," ","‏‏يتم الآن التحميل...",
77401ea47594854b5c20f083047c33f5," ","حذف ملف صوت فقط",
495c3889dfa3d011d7295d6976591dc6," ","التصدير لتغطية",
f6e3abb8b9e7dd47e99f02e405709439," ","الإصدار {1} {0}",
7adb6458badf30672fd61b6ed9b9e3b5," ","أجزاء من البرامج قد تكون من شبكة الاتصال، إذا كنت التعدي على الحقوق الخاصة بك، الرجاء إرسال رسالة إلى yfreader@yinyue200.com <br/> <br/>أو أسماء منتجات جهة خارجية قد تكون علامات تجارية لمالكيها",
d6c5c00bec1027a39b4b3919ba68da37," ","الترخيص",
306a62944b3a5dabaf7035ce45b47267," ","إشعار الخصوصية",
78e2b99ca31ea4fcce81fb53de82e6c3," ","الكتاب غير موجود أو تم إزالة",
01927eac784debb204dea4d21d1b8cd8," ","معلومات",
a4db069238d8d89f372b686769c2a604," ","الفئات",
ed091b47af84c07cfe969247e61a1f15,"You needn't translate the text. Unless you turn on the online book function for Chinese users","قم بالتبديل إلى مصدر",
987bdc9d763d9656ded5e0253d28f770,"You needn't translate the text. Unless you turn on the online book function for Chinese users","يجب عليك النقر فوق صفحة دليل ""التبديل إلى هذا المصدر"" المفعول",
06077a433c30fb3b8dce7ae5996f619a," ","قم بتحديد موقع",
74a7475cad9677ba41b4ccbc6a222d8f,"You needn't translate the text. Unless you turn on the online book function for Chinese users","تحميل جميع",
b8134f85a74b3920ff131c916dbf071d,"You needn't translate the text. Unless you turn on the online book function for Chinese users","مقدمة لتحميل شبكة الاتصال",
2f4b2e23ac9742c76ce4cf15dd66433f,"You needn't translate the text. Unless you turn on the online book function for Chinese users","تحميل المصدر: {0}",
80a0d7c704dd277483df1b4f8eb961d9," ","تحديث القسم",
5ab8a6b8508a710d02102eec7184a452," ","فشل!",
ca427b3f4b5b4e4018787e96a7920573,"You needn't translate the text. Unless you turn on the online book function for Chinese users","تغيير المصدر لتحميل الروايات",
c98a3f50a5d9959de819145f22202016," ","وهذا كتب استيراد المحلية",
3102be5b9306de12b8bd645c06fa585e,"You needn't translate the text. Unless you turn on the online book function for Chinese users","أنا آسف، ولكن بيانات قائمة فصل غير صحيح.",
5a65aee8789bf00cc8241a2f6bfb544d,"You needn't translate the text. Unless you turn on the online book function for Chinese users","أنا آسف، تسرد المقاطع خطأ أثناء تحليل البيانات.",
72e4c614a827ae7172b0f2db5e945869," ","إشارة مرجعية",
8c10fdaffa1194375415263aec016f6c," ","أبواب الانتقال إلى الجزء السفلي من قائمة",
adc5a4368fa48441d2fc6eeea059e1f4," ","قائمة الفصل إلى الإشارة المرجعية",
53b347b7048f7abf4c9f35552ac5c298," ","أعلى قائمة الفصل",
beb3c7b9b84b19abbea4a52b9a0a1cee,"You needn't translate the text. Unless you turn on the online book function for Chinese users","اكتمال عملية التحديث! انقر فوق موافق للعودة إلى الرفوف!",
364b3c4617ce8abd033a23ca16710e1f," ","خطأ غير متوقع",
8981f0b224cd1fbf94ed9f0811732b32," ","يحدث الخطأ الفصول",
f3cd462c40a8f408171cede0fa6ddf94," ","مشاركة",
2659c9139ee8bdd4d0504795c8db8b9a," ","حصة؟",
74004a25e517903140e99be92654a041," ","أنا عذراً، لكن تقاسم الفشل...... رمز الخطأ: {0}",
2ea379700b3589b6ac480ea8e5ebc512," ","مشاركة أخرى",
610fac2c6e60970a6ba71927f0c1ae3d," ","هنا هو كتاب جيد يمكنك أيضا أن ننظر في {0}",
d50e625497218b93d1249e5dae53f8cc," ","مشاركة التطبيق",
8f8c669401044b0bd458648c02320926," ","يستخدم تعبير عادي للبحث عن المقاطع العثور على مزيد من المعلومات، يرجى النقر هنا",
f677171484f7456d13f2bd9ccc4bc94b,"You needn't translate the text. Unless you turn on the online book function for Chinese users","دليل تحميل التشكيل الجانبي بمجرد اكتمال التحميل.",
6906830459d60629dc34a5f31d5e1641,"You needn't translate the text. Unless you turn on the online book function for Chinese users","الرجاء تحميل الكتب مرة أخرى بعد اكتمال تحميل التشكيل الجانبي.",
2eed1a744433034f759eb020269222cb,"You needn't translate the text. Unless you turn on the online book function for Chinese users","في وقت لاحق، منعشة ""{0}""، وقد تم تحديث {1}، {2}.",
7c716ca43d80e5226e97df40901afd81,"You needn't translate the text. Unless you turn on the online book function for Chinese users","بعد النقر فوق التنزيل الدليل في الكتب صفحة الدليل سوف تضاف إلى الجرف",
809c638fc3928737294187ac1d4865e0," ","اسم الكتاب غير صحيحة الرجاء المحاولة مرة أخرى بعد تغيير الكتب!",
2a3858cf6d51e263be55e9be819aff41," ","ونحن مؤقتاً غير قادر على الحصول على هذه الرواية، الرجاء المحاولة مرة أخرى لاحقاً. رمز الخطأ: {0}",
7e9cd7ac8d16f182c2c0fcd734d550e9," ","هذا كتب استيراد محلية، لا تتوفر ميزات المشاركة. يمكنك الذهاب إلى بيت >بي أرفف >طويلة اضغط أو انقر بالزر الأيمن لتبادل الكتب >تصدير الكتب لمشاركتها.",
0cc1bb2ad253c9e53b37998e7ec92c24," ","استبدال غلاف الكتاب",
bd430bffe7bc2eb54c274eec3ada6b1e,"You needn't translate the text. Unless you turn on the online book function for Chinese users","دليل التنزيل",
816879e7d23367479d3520fb710b0970," ","تحميل {0}",
7d1dadf8c47a38178c0f610d73d40f82," ","يتم تحميل صفحة جديدة إلى {0}",
32653d660d6f84aaae6b8c9f541a9d7c," ","‏‏يتم الآن التحميل...",
9888b83e95fdb55ce3d92862892b5980," ","لا الشخصية",
28a1d088d9b44407d4815a14a556bbd3,"You needn't translate the text. Unless you turn on the online book function for Chinese users","لا يدعم الموقع الرواية",
6f3d60f8f8cdacf828037b3103239f6a," ","يحدث",
719d22977ebea23a69694415ea704a73," ","يتم تحميل لتحديث",
5b20ad083b3495ee81a7e444e513bc8b," ","خطأ في الكتابة إلى الغطاء! تجاهل تلقائياً.",
a5eb26b7a73a9be7a9fe1e0b11218c0f,"You needn't translate the text. Unless you turn on the online book function for Chinese users","هذه الميزة بتوزيع صفحة ويب معالجة أين قائمة الروايات، التخزين المؤقت دون اتصال الخاصة بك من الروايات المفضلة (فقط يحل الدليل نسخة الكمبيوتر؛ وعرض إعدادات البحث الموقع فقط)",
65ca0782e3b0ff1e2c90b17edb7164ef," ","وقت إيقاف تشغيل الدالة فقط مفعول مرة واحدة، وتصبح نافذة المفعول فورا بإيقاف البرنامج",
dc615c71c75159f1241295a68532e9e6," ","أو",
82bf182b5496a2f6669035c611a8ba2a," ","إذا توقف الوصول إلى القراءة",
6d8cdb3f42da88bfa057fe2be72b75a8," ","مزيد من المعلومات حول ميزات Cortana",
bb2e4ef58f4725e462109041842b04a1," ","Cortana مخصصة لاسم البرنامج (بعد إعادة التشغيل تصبح نافذة المفعول)",
146c96e98e7cbd15bb3f50ae3e73859f," ","قراءة افتراضية",
d56f41bdddf75bae61ed4767d8f299d1," ","قراءة الخلفية",
51bdbc5eb6f678d989d41f0a3e7e6527," ","القراءة العامة",
a09256d024fe5fe071e20cdc0f6dd830," ","لم يتم إعداده",
ed46b38d0466e14346c1fb3fd26297d2," ","سرعة القراءة",
52f64da70f4cb272e538222b95ea7950," ","في إعدادات متقدمة ""بسرعة"" وبرنامج ""قراءة السرعة"" إظهار تراكب",
45eba65eb197cb75a452ee3c394985f1," ","تعطيل خلفية ميزة تحويل النص إلى كلام يمكن تسريع سرعة بدء تشغيل البرامج",
9c6b35f999bead4a23ee350c74c51b3b," ","إلغاء تنشيط خلفية تحويل النص إلى كلام",
9897d89c30b50632d144a875d5ed5bca," ","إعدادات متقدمة",
6ff25ac0989d09122fe2051d385d6e1c," ","توقيت إيقاف",
908bcfa2bdf0825b64f71f7acc5ae8a8," ","معاينة",
69edc9a7545f5952f2eb8bb477b7bfd5," ","يحاول الفصل المفقودة تلقائياً باستيراد ملف TXT",
56ae3e94df263fa7a65c3848367293b6," ","داكنة",
c2078d547e9637a4ca51a251ca892ab6," ","تتبع النظام",
fad60fa1b631416df4095f316062decb," ","فاتحة",
5ac80a7934edbfd5b6a8efdc393b0cd1," ","إعادة تعيين برنامج",
8d8f6ae4783dca312bbeabcbc989123f," ","حذف خلفية الصفحة الرئيسية المخصصة",
acf391897e17af7ac972a64962ed8679," ","تأكيد قبل أن تغادر",
ec7072431c87349c94bc53f342b6ef5d,"You needn't translate the text. Unless you turn on the online book function for Chinese users","يعرض معلومات التحميل",
1c5cc01e1076f8525a7493b0e33ec7ea,"You needn't translate the text. Unless you turn on the online book function for Chinese users","إظهار أسماء الفصل فقط",
d22b6efa1b10dc4c06ebc2ceee51183c," ","خلفية الصفحة الرئيسية المخصصة",
de08c730e0359d1174b474d641934734," ","في المنزل عند النقر فوق الزر مرة أخرى إنهاء",
c311dcc462c2723d9b940d1e469c4579," ","قرأت مؤخرا فقط غطاء الشاشة (مثل الشبكة الترتيب)",
58a73ddd04023e7bdcd987d747196b0f," ","استعادة الافتراضيات",
99049f7743ec8137f3e25eda978cd424," ","مواضيع البرنامج",
5b7d0c02f4ec0fcb3867c8f9ef1b6ebb," ","في زر التقييم قراءة الصفحة الأخيرة",
14c570ef45967bb84f27fa80f7dfd7fe," ","في محاولة للعثور على الكتب المفقودة",
a2bbdd1a54fd20b832415b3df9b6951c,"You needn't translate the text. Unless you turn on the online book function for Chinese users","عرض قائمة القسم",
87cbc727c79de38014a4592b4ee14378," ","تحديد الخط",
a0101e72223b4398aa6e7bbb308bf15e," ","خط افتراضي",
36c63a87499e7f7a3db4c154255e3d73," ","استيراد ملفات الخطوط (الصناديق الاستئمانية)",
c4bfdf172808307c7e744c034abad28f," ","شاشة القراءة الخفيفة طويلة",
6b6407178688c76cf63fb65521f4e8cb,"You needn't translate the text. Unless you turn on the online book function for Chinese users","القراءة التلقائية للفصول",
7e132e40115d73995294628419cc4d82," ","سرعة التمرير التلقائي (اختياري)",
3841e5320722b25396ece8c3d3e96158," ","يتم تلقائياً حفظ اختيار الخلفية.",
31efd81819bbe7dea7f80978b57b9865," ","تحديد لون خلفية من أحد ألوان المعينة مسبقاً",
2dcd3c8cd70f216e1398afbc96b8aae2," ","صورة مخصصة",
f7ea954fbfdf88c9ef63e8d561f33a44," ","تجاهل المسافات البيضاء وغيرها من المهام حيث فقرة؟",
f2da4cb1cf445f069fe9469664471f3f," ","من أين لتشغيل الوضع الليلي؟",
9fda718ee2f1cf73b7ec1b85a06c7b50," ","إعداد مسبق للصورة",
1059208e20fdee50e71de30ccfa0315e," ","صورة فارغة",
70085e7dd9a572ac8d7fb107f2ed79f6," ","لون الخلفية الحالي:",
3387de75cb654c7ff9630dd1e327b4dc," ","تحويل مع",
6be9b2b87222dc44c23741bb8b9165ed," ","لا تقم بتحويل",
934d2630532d54ba1c9cc83a421a8921," ","للتقليدية",
3cca37597bb3a59bafc2bae861602cc7," ","لتبسيط",
3a4257b181c68e306fc7f93cd679d9e5," ","إيقاف تشغيل",
46c49fe7b4453a8b22ebabdcbc327714," ","عرض الشاشة الأفقية فقط",
0f434f26f65bcedc82a0a95109c15f89," ","كلفن",
37ec5b3723d02dae2a178f148838ca6a," ","عرض عمودين (وضع التمرير غير صحيح)",
1d08246170bc27a10670182ec077f3e2," ","تشغيل الغامق",
bb3db65142afd55de38bde6f4efe3f5e," ","استخدام صورة كخلفية",
9272366e585c8d33058284594f1226bd," ","حيث تشغيل التمرير التلقائي؟",
9fa091221017ef9469f7a115a660803d," ","إزالة",
a4384a19e7bbc57a9cea2ad18105c8cc," ","حذف بنجاح!",
7541b9ee52d33f956121fc68b12fe512," ","استيراد النص، EPUB، FB2، يفب الملفات",
8b57a3bc3ecf56e3c715d5bc70489e71," ","أنا آسف، كان هناك خطأ غير معروف!",
2afa97007542298737aff364c74222fe," ","لم اقرأ ما زال",
c6f10221224f1cdff3ab3ac8f8799d78,"You may need to change the semantics for your language","القراءة بصوت عال سوف تحويل النص إلى ملفات الصوت في الخلفية، ونظرا للخصوصية التي تتطلبها الأقسام لتحويل تنسيق الملف. (الكلمات 3500 المحلية استيراد الكتب للفصل. ) (الرجاء التأكد من تحويل فصول الكتاب على الإنترنت يمكن تحميلها، وسوف تتوقف عملية التحويل في لا قسم التحميل. )",
50d7b5e36ff426c02eb6cbbbcc1743c4," ","يمكنك أن تكون في رف الكتب الخاص بي يمكن حذف واجهة لإنشاء ملفات الصوت تحرير مساحة التخزين",
3e950068cd6f491888bf971b1f9495d7," ","عدد الفصول",
b112aca103f47a5fb6c48e8f9ca66f3c," ","إذا كنت ترغب في الاستمرار في تشغيل الملفات التي تم إنشاؤها، الرجاء الانتقال إلى الواجهة الرئيسية >التشغيل الآن",
6c05aeeb7d90dba7b0e9b95c10374b2a," ","استبدال الملف الذي تم إنشاؤه",
a3c6916634cd5387857d24abf2e08e69," ","بدء عملية البناء",
3e20ea6c22588762777039ad52648e0e," ","حذف لا ملفات صوت",
edf98f1565cbeffd51b2edb6014ee2f1," ","متأكد من أنك تريد حذف في كتب القارئ '{0}'؟",
f7c31f72d4ba5d120f1e6037b69e7db0," ","تحديد القارئ الذي تريد حذف هذه العناصر {0}؟",
4ee06c9e10a5b51617f4bd70a3548f51," ","هل تريد حذفه؟",
4186e2aeffe90cff008fa7950b7e6b56," ","إعداد قراءة الخلفية",
a517760ebbbc6e7df43819dc5cdb0c04," ","رفوف للكتب للبحث",
9977ae0924d760663a08b3ac315f10e3," ","مفتوح",
7a2629b7b07bc7846a330a030aeb1aa5," ","لا تتوفر أية دفاتر للتصدير!",
acd158c17f7152f8a39a8ba066fe1b21," ","القضبان",
0151cbcd494c804b69034fb2bc3ee164," ","حزمة الاستيراد كاملة! يمكنك استخدام مدير الملفات لفتح الكتب من مجموعة من البرامج لاستيراد",
ba7e8a55f7f8a2cc0b82c96ea940807a," ","فشلت عملية إنشاء الغطاء!",
20d899a633d125187b428ea26da0b41a," ","استبدال الكل",
e9eec6b9e8596d928f11b439f89dd128," ","استيراد ({0} الملفات، مجموعة ملفات {1})",
d5ae0d23f68efefad1beca2dce060adc," ","إكمال الاستيراد. انقر فوق موافق للعودة إلى التطبيق {0}. <br/>لقراءة الرواية، الرجاء فتح البرنامج (بما في ذلك عدم الدالة ""حصة"" لفتح البرنامج)",
5ab7060016c7ff7dbcde1f1697a2291c," ","هذا الملف هو فارغ، والتخلي عن استيراد هذا الملف!",
2398e2ed49a75595dc1097dba13b89ba," ","حدثت بعض الأخطاء عند استيراد!",
fdef48c379f9e56b1e9c390434612bae," ","كتاب يحمل نفس الاسم موجود بالفعل، إذا كنت لا تريد أن تحل محل وتخطي ذلك وقم بتغيير اسم الملف وحاول مرة أخرى",
d7ff38acc5383a489fc1224bfe1ddf47," ","اسم الكتاب (بدون ملحق) لا يمكن أن تكون ""other1"" المشتركة ""و"" بلاتفورمداتا ""قد تخلت عن استيراد الملف، مثل الحاجة إلى استيراد واستبدال اسم الملف وحاول مرة أخرى!",
4c4f1a34ecc6f9b6395471dd4365d0db," ","يتجاوز طول اسم الملف 50! لمتابعة عملية الاستيراد، انقر فوق ""{0}""",
f5a709cb7491a113ef64d195aaf4886e," ","الملفات مع أي ملحقات! (وقد تخلت عن استيراد هذا الملف)",
dfa1e60b8f3f2050f8635760971eba7a," ","فقدت الفصل أن يكون ذكية؟ (يساعدك على تقسيم فصول الرواية تلقائياً)",
7a6bd78091c46f00b3a6f3df3bdb397d," ","يجب فتح هذا الملف لاحقا القارئ، والتحقق من تحديث البرنامج!",
5e2edf50d557483f14fe03a89f07e7cc," ","قد تضررت هذا الملف ولا يمكن فتح الملف!",
63e61d1d5a8c2b543bd529878bd13dd7," ","اسم الملف قراءتها",
107461687928da13507340f7180cea4c," ","اعتراض اسم الملف (هذا لم يعد يدفع)",
7c1a91eac24a021c904e959c7f83152d," ","تأكد من أنك تريد الخروج؟",
9dde360102c103867bd2f45872f1129c," ","Symbol For Substitute",
cd7e1aadcd2da1d4590bd09886edb549," ","الرجاء تحديد كتاب، وانقر فوق فتح!",
b150c7aee75745f86910047addbe16a7," ","فشل في إنشاء الكتب {0}!",
72ef2b9b6965d078e3c7f95487a82d1c," ","تجاوز",
44981e3aac654dc2ecd7b2cd3c5b2a6a," ","تاريخ مسح البحث",
cec85b6f646c5c508a5b5fe24ceb52f2," ","استيراد النص، EPUB، FB2، يفب الملفات أو استخدام ملف JPG إلى استبدال خلفية الصفحة الرئيسية",
46e4d85ef6b2fd701c49f88304bf92f1," ","علما بأن هذه الخلفية بعد ميزة القراءة بصوت عال هذا مستحسن فقط لتوليد ملفات الكلام تصديرها في كتبي bookshelf الحزم لاستخدام الهاتف الخليوي. إذا كنت بحاجة للعب على جهاز الكمبيوتر الخاص بك، يمكنك يمكن أن يؤدي مباشرة إلى إطارات أخرى لقراءة معلومات أساسية.",
2d223e38654435d2047cc88975b51cf8," ","هو عذراً، ظهرت لديه بعض الأخطاء <br/>يمكن من الأسباب:<br/>رقم 1، ولا يوجد ما يكفي من الذاكرة (ذاكرة الوصول العشوائي) أو مساحة التخزين؛<br/>2، والطلبات التي تم إنشاؤها من فصول جداً أكثر؛ والتقدم <br/>إذا استمر المنبثقة هذه الأخطاء، وكل الأخطاء من زيادات، يمكنك باستمرار النقر فوق زر ""بدأ ولدت"" لحل هذه المشكلة <br/>علما: سيتم تثبيت هذا البرنامج في بطاقة SD، وقد أخطاء زيادة فرص.",
5ba8a053731ad78871f7b666aa96e120," ","للقيام بهذه العملية في هذا الوقت، يرجى المحاولة مرة أخرى بعد إعادة تشغيل البرنامج",
61d490d0a77ccf1804dfeb90b0f867f5," ","أنا آسف، ولكن هناك بعض الأخطاء <br/>الأسباب المحتملة:<br/>1، فشل نقل قوائم التشغيل. <br/>2، عملية أساسية يتم إيقاف بشكل غير متوقع، قم بإعادة تشغيل البرنامج وحاول مرة أخرى",
aa5c3e6ad7daa807bd752708b2cab303," ","هل أنت متأكد من أنك تريد المتابعة؟ لا نوصي بالمقاطع التي تم إنشاؤها أكبر من 100، وهذا يمكن أن تستهلك الكثير من الوقت.",
45fb1d2618b46eebff7ea4854dde987e," ","قسم {0}",
5c8790ff21f87497b3ce6efb2200469d,"You may need to change the semantics when writing in a right-to-left language.","استكمل قراءة، يرجى الرجوع إلى شاشة ""التحكم في الكواليس الكلام""، وانقر فوق الزر ""عرض التشغيل الآن الفصل""، وثم بناء بقية المحتوى. إذا لم تشاهد شاشة ""التحكم في الكواليس الكلام""، يمكنك إدخال الواجهة الرئيسية، ثم انقر فوق في الجزء العلوي الأيسر من زر الشاشة ثلاثة خطوط، العثور على زر التشغيل الآن، انقر فوق Enter.",
f775b5a5c3905d5b52e5c10f205d1b5c," ","وقد تم الانتهاء، الرجاء العودة إلى مواصلة بناء",
97acccecc762d8ffdc3d12dcf6372144," ","في مربع النص، قم بإدخال عدد صحيح",
f76b334eb05eae5539b032d428ada618," ","بدء عملية البناء",
bba236c42a1fc0f8cbd4a4779d2f6f7c," ","توليد",
1a839128c22d18d2463890600e7d4cdf," ","إذا كنت غير قادر على اللعب، قد يكون سبب من الأسباب التالية:<br/>1، الملف معطوب، في محاولة لإعادة بناء (راجع ملاحظة خانة الاختيار ""استبدال الملف الذي تم إنشاؤه"")؛<br/>2، انخفاض الطاقة، لا يمكن قراءة الخلفية؛<br/>قراءة 3، عملية الخلفية لم يبدأ بشكل صحيح (انقر فوق الزر تشغيل، بطاقات لبضع ثوان ولكن لا يلعب. ) الرجاء إعادة تشغيل البرنامج أو المعدات <br/>إذا كنت تتلقى مرارا وتكرارا خطأ، الرجاء استخدام ميزة التغذية المرتدة للتغذية المرتدة لدينا ~",
00d23a76e43b46dae9ec7aa9dcbebb32," ","يُمكّن",
3e1350db63368fe2034f3692984db964," ","مؤقتاً غير قادر على عرض",
6b041ef73425a95c3481118a3409ad31," ","توقف عن الكلام الخلفية، تريد تمكين",
e9a71f6b8e24e41e6ef1f40e690f5276," ","عرض الفصل قيد التشغيل حاليا",
7f02cfc28d206bfce07f009885187d47," ","مراقبة وراء الكواليس الكلام",
7b83d3f08fa392b79e3f553b585971cd," ","تحذير (تحذيرات)",
972873f4f06fd316df888b231ec7c832," ","حذف بيانات كاملة، الرجاء إعادة تشغيل البرنامج",
4f11d5fe00a071e29f49a99819a6e1a3," ","كنت متأكداً من ذلك؟ سيتم حذف هذه العملية جميع الروايات تحميل وإعادة تهيئة إعدادات!",
d89c21567736044d8abff06c431b11cc," ","استرداد الإعداد الأولى كاملة، الرجاء إعادة تشغيل البرنامج",
cb3e63c13a82b12f1168c04eb4e80c42," ","هل يمكنك استعادة الإعدادات الأصلية؟ هذا لا يحذف الكتب الخاصة بك التي تم تنزيلها.",
2740964efb6ea7a3877ab3fe86389c2e," ","الرجاء إعادة تشغيل البرنامج لتحديث هذا الإعداد!",
2d5d284ad19ba86c9882534fe0180b7c," ","حذف خلفية صفحة الرئيسية مخصصة للنجاح",
2f85e23db8cdea8b7a6e75d452ac803c," ","وقد اكتملت، العثور على الكتب {0}",
401ddaee941bd41fce4830bfd06c1f2a," ","حاليا لديهم خلفية صفحة الرئيسية مخصصة، دون إجراء عملية الحذف",
2172550908be8aecb7ee21a3e10d03d3," ","تعيين خلفية الشاشة الرئيسية بنجاح",
2a72666c75e17285bc1e170fb25cb16f," ","إلغاء تنشيط خلفية تحويل النص إلى كلام",
360a06ca5005ea47fb9b04a537a55181," ","تمكين خلفية النص إلى كلام",
8959ad55f23248a9aae05d347b09dd5e," ","إيقاف تشغيل",
8d0b301bab7837e3bc9d3d8b74a09663," ","مغلق الآن",
849e6a485ae482afd4fbae883d5db72c," ","تعبئة القيم الذي قمت بمربعات التحديد المحدد، الوقت",
6632e1991257ba382ec0f80da7f56efd," ","بالتأكيد تريد تمكينها؟",
568191103d8f90e539d0ca72ce02537d," ","وبعد دقائق {0}",
cafc9519d240de2132cdfffdfbdbb91b," ","قراءة السرعة: {0}",
ba017447d8c64e59aa4068e4c2b6bab2," ","فشل بدء تشغيل القراءة.",
c659d64dfbe18e6a7c662f9fc6e53d32," ","أنت متأكد من أنك تريد إلغاء تنشيطها؟ بعد التعطيل، يلعب حاليا المحتوى قد يستمر للعب، ولكن لا يمكن تشغيله ضمن البرنامج، ولكن فقط من خلال زر تعديل وحدة التخزين في نظام التشغيل، وسوف لا تكون قادراً على بدء تشغيل قراءة خلفية جديدة",
b838695318518992a26d78068cb19776," ","فشل توزيع ملف الخط! قد يكون هذا ملفات الخطوط تالفة!",
082b4aedfe03c54e12fa3cd9eafd4472," ","لون خلفية مخصصة",
f2a6293fea00656304594fa92b3f4bf0," ","اختر لون الخط",
2c99c56ee15747fff4d038105286d371," ","حذف بنجاح",
18ae883e01b58dfd6da6ba5f7fa07af3," ","حذف الملفات التي تم استيرادها (الصناديق الاستئمانية)",
4c6fe5e58b422d9e55a3836d8b59c320," ","تباعد الأسطر:",
e695655988cca623b3375e1e419c8cbc," ","السطوع:",
bdd240ffc66156ba4c4b58b0c65c55dd," ","يرجى الاطلاع على هذه الصفحة ""قراءة مجموعة من الكلمات المحظورة""، وانقر فوق Enter، ثم انقر فوق في الجزء السفلي ""؟ ""الزر لرؤية التفاصيل. إذا كنت لا تزال لا تجد، يرجى النقر على رمز الترس أعلى، وبعد ذلك، لا يزال يتعذر العثور، الرجاء النقر فوق الرمز لإدخال الإعدادات الأساسية، وفتح الميزات عبر الإنترنت للمستخدمين الصينيين",
243a7ad75ac643b915268e9cc0781326," ","اضغط هنا لقراءة واجهة أدناه القطع، إذا كان الوضع الليلي لا تزال لا تظهر، الرجاء انقر فوق مرة أخرى.",
12e63dfa058f20963cd781d388ce3c57," ","حجم الخط:",
421049506734aeb8daf7e4e892651a87," ","أساسي",
9d5bf83595692456dc59348397042a7f," ","قراءة",
79028434390a003b4c807e62a3f5a385,"You needn't translate the text. Unless you turn on the online book function for Chinese users","البحث في الويب",
57abafca084f6030b03d4baa6fa5ac7c," ","الكلام",
997f48251fdcf589a2ecaba4c42d46ef,"You needn't translate the text. Unless you turn on the online book function for Chinese users","قراءة عبارة stop",
10aec35353f9c4096a71c38654c3d402," ","يلغي",
7fa3b767c460b54a2be4d49030b349c7," ","غير محقق",
efd2af60c8501931cb9c736b5ad74f65," ","مطالبة",
e0aa021e21dddbd6d8cecec71e9cf564," ","جاهز",
cf53a5ce395bf7167161d94d65866467," ","‏‏جاري إعادة المحاولة",
a6105c0a611b41b08f1209506350279e," ","تكون",
6858b2492e56e7254f7b98607059d76f," ","التصدير لتغطية",
da0e20a0e36b4cbe0dc433588d9a122c,"You needn't translate the text. Unless you turn on the online book function for Chinese users","قم بتحديث قائمة فصل فقط",
cab941aaeb9f51c16687d99845e0dc45,"You needn't translate the text. Unless you turn on the online book function for Chinese users","تحديث قائمة الفصول وتحميل الفصول التالية",
1d5e6a150efd90682f50be0c2f5991ba," ","من البحث عن اسم الفصل",
cdd0b586f682efd1c3de7e3eac7b12d1," ","تحرير محتويات هذه الصفحة",
4326f74a1281efc8a3a0070178d5f659," ","حفظ",
30bd77724459d31e9465750275cc529d," ","يلغي",
c4afae4c6ee2ddc98d47c6e08237c919," ","تحرير محتويات هذه الصفحة",
221e6ce481c354befc770a429197a67f," ","الرجاء إدخال بعض المحتوى",
ca25f6f39bf55b64a05c1edbe4c19666," ","لكل من الإجراءات التالية (أو العنصر المحدد)",
93345bcfb777c5814b2ee85ad43557f7,"You needn't translate the text. Unless you turn on the online book function for Chinese users","الرجاء إيقاف جميع ""الأسبوعية ذات مؤشرات ترابط متعددة"" ثم بدء التحميل العادية",
a0d5bfecc2d30cd8f1b1d93e03954577,"You may need to change the semantics for your language","شراء برو سوف تحصل بشكل دائم الميزات التالية:<br/>• باستخدام كلمة مرور أو التحقق الثانوي لحماية الخصوصية؛<br/>• سجل موقف القراءة متعددة.",
789156d05c92905f8bb581eb0f384da3," ","تغيير خيارات تسجيل الدخول الجهاز",
de8bd3b445fe3f01849f43b9088fd78f," ","فقط {0}",
4c9310ae7d4f9f46d3514f2ef29e2269," ","التي تم شراؤها عن طريق المتجر",
89ac91557009349efbeb64148037eb1b," ","تم شراؤها من خلال مخزن تطبيق Windows",
a1a2f67e1c88d4bfe97a0af0b9bab2e5," ","لقد قمت بشراء النسخة المهنية، أشكركم على دعمكم!",
c15b3e6964ac1c64b9d000588736e44f," ","برامج تعيين كلمة المرور",
56bd8021745f219e1d56eec0c0ceab2d," ","تحتاج إلى إعداد كلمة المرور في البرنامج، تمكينا للمرة الثانية!",
e60c5b47cb269e8d58430ddc0cafe8a1," ","عند بدء تشغيل القارئ، بصمات الأصابع، آيريس أو دبوس مرة أخرى لتأكيد هويتي",
5fe711998f7e790377288f477d949fb2," ","تحديد الثانوية",
036e3801f7ab21bdffbafbc937498ab9,"You needn't translate the text. Unless you turn on the online book function for Chinese users","حاول تحميل سريع",
40f455de4833bf0864058aa045bb1eb4," ","جاهز",
971eec414a8548b3e7d96c0311a49f0f," ","يلغي",
904f164738e9ac796795c2c7448ed9ed," ","عرض إعدادات الهوامش",
fd7879108b72e64d1f1c4139fa1175b4," ","عرض إعدادات الهوامش",
3bd53210ce4308b49b1e77b8cf21f776," ","المقياس:",
43d5f3f56ab633708d766481005e1eac," ","يمكنك ملء المعلومات الهامش ومعلومات الطول والعرض كحد أقصى، وحدد لون تعبئة أو كليهما ملء <br/>وحدة: مقصف",
233ac0a5b1c5131047dce40078820548," ","الحد الأقصى للارتفاع من ناحية عرض النص",
c19b4aa01348ff5e2325c4d540fb1e50," ","الحد الأقصى للعرض من النص مساحة العرض",
4b027694effd3fb91df0b19096afe12c," ","TopMargin",
32a6a8ee4365a8038ae9c436f8af0190," ","BottomMargin",
bbd0240fa10a03cc3e6a1ae2f26ddafa," ","RightMargin",
fe5af8882d620699f934412f0b9727aa," ","الهامش الأيسر",
e6b783b0fd5ec6e0d09dbb9dceb03f4c," ","إدخال بيانات غير صحيحة إذا قمت بتعبئة في الهوامش، يجب أن تقوم بتعبئة كافة الهوامش أعلى وأسفل. وهو مطلوب لجميع القيم أكبر من 0، الحد الأقصى للارتفاع والعرض أكبر من 100، يجب أن يكون وضع عمودين بين عمودين أقل من 50",
c2f35cc455695c56013fa5c24bc17704," ","يمكنك النقر فوق عرض الاحتياجات لتحويلها إلى صفحة الرسوم المتحركة على الصفحة",
bbcb31563f0d7b39a8166a36252427f7," ","هل تريد تغيير العرض إلى لا صفحة الرسوم المتحركة",
aa291cf99df547968d60f07cad1b2691," ","ميزة التمرير التلقائي في واجهة القراءة، انقر فوق علامة القطع يمكن أن ينظر في الجزء السفلي من الشاشة، وإذا كنت ما زلت لا أرى كلام الميزة، الرجاء انقر فوق علامة القطع مرة أخرى أننا سوف تكون قادرة على رؤية. يتم تعيين وضع العرض التمرير التلقائي <br/>إلى التمرير عرض",
534a6c39139831a8f3fe5444c6aed863," ","ميزة تحويل النص إلى كلام في واجهة القراءة، انقر فوق علامة القطع يمكن أن ينظر في الجزء السفلي من الشاشة، وإذا كنت ما زلت لا أرى كلام الميزة، الرجاء انقر فوق علامة القطع مرة أخرى أننا سوف تكون قادرة على رؤية.",
cb8b7e5c667f5b866b964558eafb1b6f," ","لقد وجدت إعدادات الكلام، ولكن لا أعرف من أين ابدأ الكلام",
af49064f54c76b71f09bc4d575ccbd17," ","تبديل وضع ملء الشاشة في واجهة القراءة، انقر فوق علامة القطع يمكن أن ينظر في الجزء السفلي من الشاشة، وإذا كنت لا تزال لا ترى وضع ملء الشاشة التبديل، الرجاء انقر فوق علامة القطع مرة أخرى أننا سوف تكون قادرة على رؤية.",
b3447fbc846188996c24cd494754e221," ","كيفية إلغاء تأمين وضع ملء الشاشة",
1fe694a22d9d0e2f64772ad30628aab1," ","انقر فوق أي مكان على الشاشة للصفحة التالية",
e976bc7cf4af3f686990f0fa4b541cc2," ","إظهار كـ",
d7751c625a4747a483f37254ca6308ba," ","صفحة الرسوم المتحركة",
1a703dbd1102ea319031a25148382410," ","الصفحات المتحركة (فقط انزلاق صفحة تشغيل الرسوم المتحركة)",
d2829891f013f78c11d40567e82a40c1," ","التمرير",
3f23e03507972a135b560bfc5486d799," ","لا توجد صفحة الرسوم المتحركة",
8ffb88e3306ef6f665b6e62145855b0b," ","الشرائح في الصفحة فقط",
6f7b05d3ce6749adfd8a1feac03b49a0," ","انقر فوق الصفحة صعودا وهبوطاً لكن لا الأيسر",
34f43a0dc7f109ffa96e6460d346eead," ","يعرض نظام أسماء صينية والفصل",
dc71544daae08f7c1960814e03b00e42," ","كل خفية",
a5c86969e8a2925667a86e8a9fc87787," ","عرض الكل",
af2f98fe60167b1b10d9377f6304c5d8," ","إظهار المقطع أدناه",
8a3452ea91a7dcdff7889943aae3dbcc," ","إظهار أسماء الفصل فقط",
acbcd438e35c9f9e57fb0e7c4f3b2db3," ","يعرض فقط في علبة النظام",
d734f8b2dfeb460675de8cd5d8b43fc4," ","حفظ",
d81c7f03fe9bae4e3f9ef982cb585461," ","إذا كانت أي مشكلة، يرجى النقر هنا",
4b71cdb18f637f1c34c62a2e62619bda,"Do not change this text, it has a special purpose","http://www.yinyue200.com/zh-cn/appList/yfxsrt/buyhelp.aspx",
11d33800e7245f3b6e7235900ad64f78," ","شكرا",
95eacf879d64909c4fc96413ba1c521a,"Do not change this text, it has a special purpose","http://www.yinyue200.com/zh-cn/appList/yfxsrt/think.aspx",
8ec413fcc8c2191377e989bb086d2fcc," ","الصورة التي تم إنشاؤها باستخدام المغناطيس البرمجيات",
f468381c0f428cfbb9381139770361b1," ","حدث خطأ، يحصل فشل الصورة المصغرة، الرجاء المحاولة مرة أخرى لاحقاً",
d4340b37ac422d0bc588e55574704fc8," ","سحابة المزامنة (ميزة تجريبية)",
e0e52e077bf2177c00c9b59605ef3301," ","شريك",
2548b96518adfd786590afea665f20ae," ","لا يؤثر تحويل هذه الوظيفة، بدلاً من إتمام التحويل بعد القراءة <br/>منعت الكلمات للرواية يوفر موقع الويب يمكن استخدامها لحجب المقاطع من بعض الكلمات هراء، مثل: ""الانتقال إلى الصفحة"" وهلم جرا. <br/>بعد استبدال إخفاء أو استبدال |، عدم ملء الشاشة",
058572b913511a1b8ab7807fbc8f1773," ","فتح للمستخدمين الصينيين لمعالمه الكتاب على الإنترنت",
0f16a0c4fa569362fda34e71a5777586,"Do not change this text, it has a special purpose","ar",
a0bfb8e59e6c13fc8d990781f77694fe," ","استئناف",
37389bfad37290817ab7dbbce70641cc," ","(الرجاء عدم حذف أو تغيير رقم التعريف الفريد، أرقام تعريف فريدة لمساعدتنا على تحسين تشخيص المشكلة) رقم تعريف فريد: {0} <br/>الموصى بها: سؤال <br/>:",
edb2d6e773396c01e6b00031970cf079," ","شكرا لك على الملاحظات الخاصة بك، إذا كان لدينا خطأ في البرنامج، أمل يمكنك تفاصيل ردود الفعل في الأسئلة الخاصة بك. إذا كنت ترغب في التوصيات، أننا سنبذل قصارى جهدنا للوفاء باقتراحكم. <br/>مجموعتنا ف تبادل على الإنترنت: 314814129",
d6f905c93583c5adb346d07a2ae57b95," ","واي فاي مقروءة المرتدة والاقتراحات",
0766b1a0fec3f362de82dc0f843ea4d2," ","بدء التثبيت من جديد من البداية",
a85ecae1e0075206b8375f95e294025a," ",". *",
aba7d3d9f0170bbf4ba1e091d702211d," ","مرحبا بكم في البرنامج",
b076d02fa25a5a4045442ecc8172d595," ","الرجاء تحديد عنصر!",
97ce099ab7b0e63e0a06a30ec7b376db," ","لا يمكن أن يكون qingchubook865 كلمة المرور، الرجاء المحاولة مرة أخرى بعد تغيير كلمة مرور، شكرا لكم!!!",
1cf13cfeac90aec48abd58ec3c3bce45," ","تعيين كلمة المرور بنجاح!",
25943d3228fee03f4488ea170393b04f," ","لا تتطابق كلمات المرور المدخلة اثنين",
25abd46c88ca1e201989a51197def1aa," ","فشل تعيين كلمة المرور، الرجاء المحاولة مرة أخرى في وقت لاحق!",
59723ca62e79e0c1920bdcabb6c172a5," ","إذا كنت بحاجة إلى إلغاء كلمة المرور الرجاء إدخال كلمة مرور فارغة، من أجل راحتك، ثابت كلمة المرور هذه إلى الشاشة ابدأ من الكتب واستخدام URI لفتح غير صالحة! (URI البروتوكول إلا إذا كنت تأخذ زمام المبادرة لتقديم الأطراف الثالثة مع الخاص بك قراءة الكتب في أسماء الكتب، أو ما زالت بحاجة إلى إدخال كلمة مرور، Cortana أيضا دون إدخال كلمة المرور)",
9932e9f0d2a5ff29773ffbc924e753cd," ","تأكيد كلمة المرور الخاصة بك",
ba43b6621eab5e41eddb7bc0ae8e3a29," ","التأكد من وجود كلمات مرور",
f7c222878e37b3ffca1871f6695ed855," ","إزالة",
b0eab05fb03921729e7863ed51263020," ","حدد عنصر، ثم انقر فوق فتح أو إزالة الأزرار",
f1e6bd65ad0dac0aa0c887f014b4b529," ","مفتوح",
19f9747efb878001288d13a68a8a3eef," ","خطأ غير معروف",
7824037c5e008fd3f1bdb4e1505632ae," ","خطأ في كلمة السر!",
b1ca431d0eaaa71a8e89d56b85fcfaa8," ","يتم تنفيذ عمليات تحديد معدات التحقق ولا يمكن استخدامه.",
c78b06769cee523dec560739af5bcb77," ","تحقق من أنه لم يتم التعرف على الجهاز. تأكد من أن قمت بتعيين المصادقة البيولوجية للتعرف على الجهاز أو النظام رقم PIN",
de4a9903358d87e83371577a3b6464fb," ","تعترف نهج المجموعة بتعطيل الجهاز.",
395faa3b6f24895780ce82d7a52954bf," ","أدخل كلمة المرور",
5395403010ee1a395fdff5e8a3955fe9," ","إذا كنت قد نسيت كلمة المرور الخاصة بك، يمكنك إدخال qingchubook865 تحميل جميع الكتب وتاريخ البحث، والبرمجيات كلمة المرور فارغة.",
4a29d73d3d93b6fd5a205f97de491eed," ","لا تتعرف على الجهاز، وتعيين (لم يتم تكوين هوية معدات التحقق الخاصة بهذا المستخدم. )",
8c6d3ae0bf4ca4bb573cb489fcddd840," ","حدث الخطأ التالي، الرجاء محاولة استخدام كلمة مرور للدخول",
ab857d5460cccbbea4917ab059b88c89," ","التحقق من هويتك",
3ee1515131c9b0877f11673517b4a946," ","انقر على زر حفظ لاستيراد الملف إلى البرنامج",
25bfeea1dc5236da1a204e78a22c50d1," ","حذف كافة الخطوط التي تم استيرادها",
309fb642b34adb83e1d2056661b93e08," ","إزالة الخطوط المحددة",
a961968ab40027471cccde4ddb7a52b7," ","قسم غير معروف",
b14281794b930850fcd194979771e2a6," ","مسموح العادي يقرأ بصوت عال للعب الصوت الأخرى",
f106e7e8d2b513d84ff77638da2adafb," ","لا حاليا البحث في أرفف الكتب المحلية إلى أي شيء!",
ae1df681f398e5d388268e1920039a37,"You needn't translate the text. Unless you turn on the online book function for Chinese users","تنزيل",
bd41633ab93b5929d39f60b007d1bb52," ","لا حاليا البحث في أرفف الكتب المحلية إلى أي شيء! للبحث عن المستخدمين الصينيين لمحتواه على الإنترنت، يجب عليك الذهاب إلى الإعدادات الأساسية، فتح ""ميزة الكتب على الإنترنت مفتوحة للمستخدمين في الصين"" في مربع البحث على الشاشة الرئيسية لبرامج البحث",
e72a939b6486bd7d45a68e8934794570," ","استيراد كافة الملفات في مجلد محدد والمجلدات الفرعية",
042b870f5800fe3b70e5eefeaff57699," ","يلغي جميع الكتب اللاحقة الاستيراد",
9441295489cd0fa8d2c2ea7aadda4a0c," ","قفل اتجاه الشاشة (فقط وضع الكمبيوتر اللوحي وقوة موبايل)",
337fb5e67464c92f159f8a8ba8859a4e," ","مؤمن على الشاشة الأفقية",
ff03587fefec60bce1776c9c90562434," ","تأمين الشاشة العمودية",
5655012acacb52e37a8a0c4b02551d5a," ","إعدادات النظام التالي",
06550e8b7f26a09b72b6f05da77162fa," ","بدء التشغيل واجهت بعض المشاكل، حاول إعادة تشغيل البرنامج <br/>إذا قمت بإعادة تشغيل عدة مرات ولا تزال بعيدة عن متناول القراء، يرجى الصحافة وعقد حق-أو ""إغلاق"" الزر، انقر فوق ""إدخال أوامر Debug"" ثم قم بإدخال ""حول: كليرسيتينج"" في محاولة لاستعادة الإعدادات الأصلية",
edc4fa8ada2025d17066b4b97597ba02," ","الاستمرار في تشغيل",
20de6a9d5cf2bfe2685e58327f892a08," ","أدخل الأمر debug",
9e107be6e0d934c8713c7ace75ac2f40," ","إغلاق التطبيق",
39a53231336a707bc8436859703cdd50," ","‏‏إرسال تقرير عن الخطأ",
be3671e4b3ab8075a68731ac0ca1a8d0," ","خطأ غير معروف تم مصادفة في الدورة الماضية، ويتسبب البرنامج لإغلاق بشكل غير متوقع. <br/>ماذا يمكن أن أفعل؟ <br/>أولاً وقبل كل شيء، في حالة حدوث هذه المشكلة، يمكنك محاولة إدخال ""الإعداد (قراءة إعدادات) الإعدادات الأساسية > >استعادة الإعدادات الأولية""، وإذا كنت غير قادر على إدخال الإعداد، الرجاء إدخال في NAT ""حول: كليرسيتينج""، إذا كان NAT غير قادر على الدخول، الرجاء اضغط على الزر ""إغلاق""، انقر فوق إدخال الأمر debug وقم بإدخال. <br/>لم تحل، حاول التحقق من وجود تحديثات التطبيق من المتجر، والتحديث إلى الإصدار الأحدث يمكن القضاء على الكثير من المشاكل. <br/>أعلاه أسلوب إذا كان هناك لم تحل، الرجاء إرسال بريد إلكتروني إلى yfreader@yinyue200.com لشرح الموقف، ونحن سوف شخصيا لك. <br/>مشكلة أخرى إضافية لأسلوب حل <br/>إذا اختفى العثور على الكتب لا يمكن تفسيره، الرجاء محاولات لتعيين إلى مجموعة (لا يقرأ مجموعة) >الأساسية >محاولات للعودة فقد كتب <br/>إذا في كتب شي ظهرت هذه المشكلة، يرجى محاولة في الآونة الأخيرة قراءة (أو الجرف في) منذ فترة طويلة من الكتب (أو حق مفتاح الماوس)، في إطار منبثق قائمة حدد ""معلومات الكتب"" ثم في الدليل في لفصول إعادة المحاولة",
a1f13408ae21d57acdcdeffe0f32950c," ","يمكن تشغيل هذا التطبيق على الأنظمة الأساسية التي لا تعتمد",
524d0260cb84f6f144b5a2de9447e292," ","الرجاء التحقق من اتصال شبكة الاتصال",
4a13d40798c299f3b2743defcf7e98fc,"You needn't translate the text. Unless you turn on the online book function for Chinese users","التي تم تنزيلها",
6ec5dc121a36c8dcdd7a21b6df225911,"You needn't translate the text. Unless you turn on the online book function for Chinese users","لم يتم التنزيل",
3dfdccccd4ce627f8c0e137c796adf4e," ","(حاليا في القراءة)",
dec2ff4ff8c9f561bcc00c8bcf052833," ","التباعد بين عمودين في وضع اثنين-العمود الأوسط",
082bd9bdd857ac86a0c48e1e93f7acb3," ","الإفراج عن تحميل الصفحة التالية",
ece70dd313166fdd9549037df50cbcd9," ","الإفراج عن تحميل الصفحة السابقة",
62bb11ce819f091698fa1936338d0a20," ","الرجاء إدخال رقم",
9a5d6ec1fc823281f84ec5b3c7baa970," ","هو البند الأول في القائمة مرقمة 1، والثانية رقم 2، وهكذا",
245679962255e7d50e2befd634277ceb," ","الانتقال إلى العنصر المحدد (ترقيم تسلسلياً)",
6122c99aed9366b2b87e06669975705f,"You needn't translate the text. Unless you turn on the online book function for Chinese users","حذف جميع الفصول التي تم تنزيلها",
c1773dce045266e64e0d8360a60f32a9," ","كتب EPUB",
d33ec21c3e0e8ebbf82795a02de96bec," ","مستند نصي",
c5cf63de775a3bf00162e973a14c378c," ","مستند نص",
5dac7f060fafb5ba49df81993c3895d5," ","مجموعة كتاب",
c5901db2407bee9c8a53fbd954928079," ","ملف حزمة الكتب",
3111e08373383b745afd56181becb552," ","هل تعرف؟ اضغط الزر ""استيراد"" لاستيراد مجلد بأكمله من جميع الكتب منذ فترة طويلة",
999ceef7996b8db804aacddfe51fdfe5," ","تحرير قيمة RGB",
a0097a42d00b5b13847f9f71c5d2996b," ","انقر فوق قائمة منبثقة في منتصف الشاشة",
1617311bc9e272ff1795cca58672e89a," ","عندما تقوم بإغلاق حركة الشرائح",
f3f377b4af1d6277d71131d8e44b5a81," ","لا شريحة تمكين الرسوم المتحركة",
32d978902ef30f83fd9b362b45352346," ","السيارات نهاية التمرير يبقى عدد الثواني (اختياري)",
8d2e31bee97e60bcc7526c3378eaceb7," ","التمرير التلقائي يبقى في بداية عدد الثواني (اختياري)",
908ca997d29113bb97a8aab070d03926,"You needn't translate the text. Unless you turn on the online book function for Chinese users","تحديث الصفحة الرئيسية من القائمة المنسدلة",
e7d220ae77d6f95bf5fa4b6f3f644037," ","إيقاف تشغيل",
24e41f7185498fbcfd3e9112316815b3,"You needn't translate the text. Unless you turn on the online book function for Chinese users","قم بتحديث القائمة وتحميل الفصول التالية",
da7a4eeefbd100ce36a66cab93a5d12c,"You needn't translate the text. Unless you turn on the online book function for Chinese users","قم بتحديث القائمة فقط",
b354a83c5fcfce201ff3cc1060499b3b,"You needn't translate the text. Unless you turn on the online book function for Chinese users","وضع علامة على أنه يتم إجراء تسلسل للكتب",
77fa4196dee9af6fa4bdac09fb6dfef2,"You needn't translate the text. Unless you turn on the online book function for Chinese users","وضع علامة على أنه كتب أكثر من توقف",
ac8eb1ea58b1ccd0ff36d0006d397acd," ","يستخدم هذا المجلد لتخزين يوي فاي مقروءة الملفات مزامنة أو حذفها أو تعديلها يدويا إذا كان المجلد أو أي ملفات في هذا المجلد من المرجح أن يؤدي إلى فشل المزامنة مع السحاب",
eb83259d02de6dcc9be7f82134d99e4c," ","تحميل جميع",
d253bc0a0f3f452799d2b48b7644e533," ","تنزيل العنصر المحدد",
ee2a734615804d16fcd83033861c8694," ","الرجاء الانتظار",
56bc41d57e6c7f5ba6b49d3150a754d3," ","تعليمات خاصة للكتب استيراد المحلية، تقدم المزامنة استخدام هذه الدالة، تحتاج إلى استيراد كافة المحطات بحاجة إلى أن تكون متزامنة الكتب ضرورة تزامن التقدم، ولا تستخدم في تحرير هذه الصفحة ميزات (أن وجدت)",
6124894bcd2d7f81ce43f96084c43a9d," ","عموما يتم استخدام هذه الميزة لمنصة متعددة جدولة المزامنة",
31a40ced539a0b9ec5256e282f25eaf0," ","حدد العنصر الذي تريده للتحميل",
510350bf18ae1d2d3774ac4c8ff487e1," ","تحميل العناصر المحددة",
4f39bc6c2aac0798df28f57c51c434e7," ","حفظ إلى موقع مختلف، انقر فوق علامة القطع في الجزء السفلي، ومن ثم انقر فوق ""تحديد موقع""",
f0c1f023d4b6278d90ff74c468e18d51," ","محتوى نص عادي في محاولة لجعل الهوامش اليمنى واليسرى لنفس",
228c021f580dceab421829cafe955f78," ","تحذير: قد يتم تثبيت البرنامج على بطاقة SD، وهذا قد تزيد من فرص الخطأ البرامج حدث. إذا كنت ترى كثيرا ما الواجهة، نقترح عليك زيارة مجموعة (Windows) تخزين >نظام > >(انقر على بطاقة SD) >التطبيقات والألعاب >انقر فوق البرامج ومن ثم انقر فوق الأزرار تحريك لنقل البرامج إلى ذاكرة الهاتف.",
cd72ef9ab315d71156903d5c89aa6a1c," ","قائمة",
f3140252d126348e13d1420c82641e92," ","عرض الخلفية",
eefa921df7e1514f8f65776744c3efc7," ","تمدد",
122435be267eb8a2b093e416763e4d7d," ","المحافظة على نسبة العرض إلى الارتفاع",
1a55f5042dc5223fe02800d048bb9fd5," ","شفافية الخلفية",
f9f6d7ba1592d365b110e6ac19d4c8aa," ","فتح تلقائياً من القائمة المنبثقة الثانوية",
a881f18bb45172c8cc73716173cd646e," ","نجاح التحديثات",
56cc902861bb33879d05f9d9e546d908," ","فشل التحديث",
3890559fc02bb18bd1fb70d1a08d1df7," ","الكشف عن الإصدار الجديد، مستحسن للتثبيت الفوري. قد ينتج عن هذا التطبيق أثناء عملية التثبيت عند إغلاق.",
c18788c2f274c779da72d9854ea4bfbf," ","ليس الآن",
2c8fb87b3e8fa1ed9540d9acc11d7f2a," ","تتم الآن الترقية",
083b33b412cea52a08c6740e26a84c58," ","التحديث الآن",
10954318ac0acddc3ae3194ced1f6fdb," ","فشل الاستيراد، واستخدام ميزات سحابة المزامنة لمزامنة الملف",
1df269f00058c4cb638fc66baa5ec862," ","معلومات البريد الإلكتروني",
7c0f18a367cfb9e7ed2bc7e6229b8d1c," ","ردود الفعل باستخدام التغذية المرتدة مركز",
e3da72ad1082c109bd8d75a4444c5417," ","البحث في محتويات",
3ea6aa0ed02935438898f0c43a08230a,"You may need to change the semantics for your language","البحث في الروايات التي تم تحميل المحتوى",
7ee72fa64d9451d30db0c911ad549c6a," ","غير مفروز",
44ba39ea78394cb7b4837821c8c8eacd," ","وقد توقفت",
b7de336910bf16a7cb1615c7e74b1119," ","يصفي",
9351b61197888ec5dacba795cae9354a," ","وقد وصلت إلى الصفحة الأخيرة",
bbbfa17669cf2b1695cc778619e6d7c8," ","كفاية",
8ed77c94e921a7f141e8255175c05812," ","الكتب للقراءة بعد انتهاء صفحة ""الدليل المفتوح""",
92fdbe727e6b697a89be6c21cbccf278," ","إعادة تسمية",
fdffea15dabb0cfc14a5ff24e5969269," ","أدخل اسماً للجديد",
7cef8a734855777c2a9d0caf42666e69," ","مفتوح",
10f406e3f26707bd4ee87d7a317d6776," ","تنتهي الترقية: {0}",
415687c6c6834135047ede579b94fc93," ","يحتوي على صور من الخفة تنسيق غير معتمد",
8e652a9c84579545674ec47466296f49," ","عرض أحدث تحديثات تحديثات",
f855a693ff9ac09278865b820953292d," ","موجه في كل مرة تحديث المحتوى",
589e87bf84f92ce56e632abf3d27a194," ","الذهاب إلى نحو",
213dde78a9eacceafbb83bda7be93695," ","رؤية المحتوى المحدث",
5b1237dddfaac958f984a65006520396," ","لديك {0} تم تحديث إلى الإصدار {1}",
15c2d61329511a3ceb2fad25582b9d92," ","صفحات الغلاف التي تم إنشاؤها تلقائياً باستخدام اللون التالية كخلفية",
311d5d99e7682585d53e1eb5a701edf9," ","تغيير الألوان",
3a7b7b303c01e31662ffa7552c971b80," ","ما الجديد",
5f85110fdc0e52b04de1fb5c1298f417," ","يسمح باستخدام مفاتيح الكاميرا (أن وجدت) الصفحة التالية نصف اضغط على مفتاح الكاميرا، وفقا للسابقة",
55533ebeb7bcbc2b53b041c5001b2d2d," ","حفظ صفحة الغلاف",
aedc49bf5a693819ddc9ebbb0a001e58," ","السيارات إخفاء مؤشر الماوس",
37d413ab43ac8dde206ce3b6d145d603," ","تحديد الكل",
f6e2bd7618538fccfe16462378a40782," ","قراءة الخلفية",
4d031d658392e89e2211ba17ae55123c," ","الأخرى",
bc5f42f776f8270aa56d11cfb2c5c309," ","تفضيلات",
afb88a2812b5a798dd88e85b6a6e0e8f," ","قيمة حرفية",
02e31d5225966023b5639b1a93343aa3," ","اتجاه الحرف",
4cdeaf7f3667a7c5aab16d2c21b2f7ee," ","تقديم متقدمة",
2cd25a87ebd899cc00467a1d0ff72a6f," ","تمكين عرض الصفحة المتقدمة تسرع من سرعة معالجة، وميزات متقدمة المطبعية تمكين (وضع صفحة فقط)",
620a64ab41e03a8f93eb7b597d58483f," ","اتجاه التدفق",
9e94dbc1b3ec29ad4611cb3c0b7341ec," ","من أسفل إلى أعلى",
e3a70a888a4eeb2ce86c00bf37ef9437," ","من اليسار إلى اليمين",
7cd7847db73c33fdd66ddb9685415ded," ","من اليمين إلى اليسار",
df3bc79001f2147a7bfe5a23f2a1b032," ","نفس اتجاه التدفق واجهة المستخدم",
26cfc9e019512de51b38d6393284c25d," ","من أعلى إلى أسفل",
47937b4e77ca260fee9689ae4aba5f6b," ","من الأسفل (يمين) (يسار)",
ced6f81a9c4fc964aa956bb6ec83752a," ","من الأعلى (يسار) إلى التالي (على اليمين)",
ba4412e69f29e4e4856b48e92d3ae0c4," ","محاذاة النص",
931d098bf5b5779e0337415d4f3a36c1," ","يوسّط",
988727da5edbf3de16cbfdfc9afb7c09," ","قبل وبعد المحاذاة",
de6ecaf4612f4461de18c1fc238c27ad," ","محاذاة مع الجبهة من",
f7f8d6c29b67f73da8e2f389d05db93a," ","ومحاذاة إلى الهامش الخلفي",
16338a7898165d68bb2ac5e4ab5ca2a7," ","لا يمكن أن يدخل في القراءة يبدأ واجهة قراءة الإعدادات",
6ec170f64e6c7be189d529e998189ab5," ","يمكن استخدام هذه الميزة لاستكشاف الأخطاء وإصلاحها",
43781db5c40ecc39fd718685594f0956," ","حفظ",
540a825fc6b22019a85eaff9ddfb98e8," ","تحرير كتاب تصنيف ووضع العلامات",
70d1e0193e26ddaacb90f0f7aaaf9b97," ","حذف العناصر المحددة",
90a249c6dbe5ec806e95f6b4a2eb03b2," ","أدخل المحتوى الذي تريد إضافته، واضغط على enter",
0106994312a657f6b70889e12576a292," ","محاكاة جهاز التأشير (مثل وحدة تحكم Xbox) تتفاعل مع فئة المؤشر",
5b5407ddb9392436a2132b3d8a3e2b0c," ","فشل في تخصيص إعدادات الترميز",
61f2b40875f6e06d5c7510ff21693046," ","بنجاح تعيين الترميز {0}",
b8c6253ec022f1f860132b71c8ca037f," ","تسجيل الخروج",
d67c2f0e19c7a08df0e8c9755f489188," ","سطح",
f18ecdedd6d4de6f52d542b8b59d1747," ","إدارة التسمية",
1a957adc7b4222dc056ee98ae793f158," ","السيارات ملء الشاشة",
5bc44e3ba75f65f5c2e07ae858e6b456," ","شريط التنقل التلقائي-إخفاء الظاهري (إذا كان الجهاز يدعم) (بيتا) <br/>يفتح في واجهة القراءة، انقر نقراً مزدوجاً فوق إرجاع العنوان",
8b87a9fa5f7eec6bc4993a4533a7bda7," ","عندما ""{0}"" قيد التشغيل، لا يتم تشغيل ""{1}"" و ""{2}""",
677a9dbfff6eea183ee9c209524f9675," ","تمكين Windows المنظور من غاوسي طمس (بيتا)",
4bc86e38c3ca37d8c7566415cee56021," ","إظهار تقدم قراءة",
79ddccb91310cb55477ba2219bd3f55d," ","تشغيل",
c6a7f6693edd15c5c62887ee7301bb68," ","تشغيل",
0a8d404e90d247cf6b0873242bda6701," ","الكتب فقط TXT",
716f6b30598ba30945d84485e61c1027," ","يغلق",
105078d294d30c978ca2badf7f376934," ","يمرر",
4285b237ff0506f37df461cf3e38cc6c," ","لا يتم استيراد الكتب عند فتح الملفات مباشرة",
103e4796e7b6d02976be9929f0582cc1," ","البحث عن",
9e2b8df6e916515d56969b614053e95d," ","الرجاء إعادة تعيين موقع الملف المصدر كتاب",
6b77e31a66a3e0253dabeee5b3a17c2d," ","وقد تم تعيين",
615f0ed7829a0f833031124bda1ec035," ","تحتاج إلى مزيد من العمل لاسترداد الكتب",
de73bea86e3d9c52b4887e1945f4032a," ","تقرير الأنشطة الخاصة بك لنظام التشغيل (دالة الخط الزمني)",
